epoch,steps,cosine_pearson,cosine_spearman
1.0,44,0.35681415979756753,0.35529180891360024
2.0,88,0.3942705371875175,0.43655612204937716
3.0,132,0.27364655276491023,0.3126434371281184
4.0,176,-0.00394402732693035,0.08472873455267403
5.0,220,-0.05320600437361952,0.009482715442745924
6.0,264,-0.05816147853183585,0.0259332972396266
