epoch,steps,cosine_pearson,cosine_spearman
1.0,40,0.7251120093846395,0.7061379090387826
2.0,80,0.7549896014280921,0.7226216970346613
3.0,120,0.7543034657858942,0.7311565085196355
